{
  "generated": "2026-01-15T06:00:00Z",
  "version": "3.0",
  "item_count": 24,
  "coverage": {
    "states": ["VT", "NH", "ME", "NY", "PA", "MA", "RI", "CT"],
    "business_lines": ["highway", "hma", "aggregates", "concrete", "liquid_asphalt", "trucking"]
  },
  "stats": {
    "by_state": {"VT": 4, "NH": 4, "ME": 4, "NY": 3, "PA": 3, "MA": 2, "RI": 2, "CT": 2},
    "by_priority": {"high": 8, "medium": 10, "low": 6},
    "by_category": {"bid": 6, "dot_project": 10, "funding": 4, "news": 4},
    "by_business_line": {"highway": 10, "hma": 4, "aggregates": 3, "concrete": 2, "liquid_asphalt": 1, "trucking": 1, "general": 3}
  },
  "items": [
    {"id": "vt001", "title": "VTrans I-89 Exit 16 Diverging Diamond Project - $52M", "url": "https://vtrans.vermont.gov/projects/i89-exit16", "summary": "Major interchange reconstruction in Colchester featuring diverging diamond design.", "date": "2026-01-14", "source": "VTrans", "source_type": "dot_projects", "state": "VT", "priority": "high", "category": "dot_project", "business_line": "highway"},
    {"id": "vt002", "title": "Vermont FY26 Paving Program - $102.9M for 46 Projects", "url": "https://vtrans.vermont.gov/highway/roadwork", "summary": "Statewide paving program includes resurfacing projects across all 14 counties.", "date": "2026-01-13", "source": "VTDigger", "source_type": "news", "state": "VT", "priority": "high", "category": "bid", "business_line": "hma"},
    {"id": "vt003", "title": "Champlain Parkway Contract Awarded - $14.4M", "url": "https://www.burlingtonvt.gov/dpw/champlain-parkway", "summary": "Burlington southern connector project moves forward with contract award.", "date": "2026-01-12", "source": "VTDigger", "source_type": "news", "state": "VT", "priority": "medium", "category": "dot_project", "business_line": "highway"},
    {"id": "vt004", "title": "VT-NH Connecticut River Bridge Expansion Study", "url": "https://vtrans.vermont.gov/planning/studies", "summary": "Joint VT-NH study for bridge improvements between White River Junction and Lebanon.", "date": "2026-01-10", "source": "Vermont Biz", "source_type": "news", "state": "VT", "priority": "medium", "category": "dot_project", "business_line": "highway"},
    {"id": "nh001", "title": "NHDOT Ten Year Plan 2027-2036 Released", "url": "https://www.dot.nh.gov/ten-year-plan", "summary": "New plan includes major I-93 corridor investments and bridge rehabilitation program.", "date": "2026-01-14", "source": "Union Leader", "source_type": "news", "state": "NH", "priority": "high", "category": "funding", "business_line": "highway"},
    {"id": "nh002", "title": "Everett Turnpike Resurfacing - Active Construction", "url": "https://www.dot.nh.gov/projects/everett-turnpike", "summary": "Ongoing paving work on Everett Turnpike between exits 4-8.", "date": "2026-01-13", "source": "NHDOT", "source_type": "dot_projects", "state": "NH", "priority": "medium", "category": "dot_project", "business_line": "hma"},
    {"id": "nh003", "title": "NH Fuel & Asphalt Prices: Liquid Asphalt $619.58/ton", "url": "https://www.dot.nh.gov/document/new-hampshire-monthly-fuel-asphalt-and-steel-prices", "summary": "January 2026 update: liquid asphalt up 9.2% vs H2 2024. Diesel at $2.91/gal.", "date": "2026-01-12", "source": "NHDOT", "source_type": "dot_bids", "state": "NH", "priority": "medium", "category": "news", "business_line": "liquid_asphalt"},
    {"id": "nh004", "title": "Transportation Alternative Program Round 5 Open", "url": "https://www.dot.nh.gov/tap", "summary": "Federal TAP funding available. Application deadline March 1.", "date": "2026-01-11", "source": "InDepthNH", "source_type": "news", "state": "NH", "priority": "medium", "category": "funding", "business_line": "highway"},
    {"id": "me001", "title": "MaineDOT $4.8B Work Plan 2025-2027 - 2,716 Projects", "url": "https://www.maine.gov/dot/major-projects/work-plan", "summary": "Historic investment includes Route 1 reconstruction and major bridge program.", "date": "2026-01-14", "source": "Bangor Daily", "source_type": "news", "state": "ME", "priority": "high", "category": "funding", "business_line": "highway"},
    {"id": "me002", "title": "Presque Isle Bypass Phase II - Sargent Corp $78M", "url": "https://www.maine.gov/dot/projects/presque-isle", "summary": "Major northern Maine highway project Phase II award.", "date": "2026-01-13", "source": "Press Herald", "source_type": "news", "state": "ME", "priority": "high", "category": "dot_project", "business_line": "highway"},
    {"id": "me003", "title": "Portland Area Aggregate Demand Strong for 2026", "url": "https://www.pitandquarry.com/", "summary": "Southern Maine producers report strong booking for spring construction.", "date": "2026-01-11", "source": "Pit & Quarry", "source_type": "news", "state": "ME", "priority": "medium", "category": "news", "business_line": "aggregates"},
    {"id": "me004", "title": "Maine Turnpike Seeking Paving Contractors", "url": "https://www.maineturnpike.com/business-opportunities.aspx", "summary": "Multiple I-95 resurfacing packages. Pre-qualification deadline Jan 31.", "date": "2026-01-10", "source": "MaineDOT", "source_type": "dot_bids", "state": "ME", "priority": "high", "category": "bid", "business_line": "hma"},
    {"id": "ny001", "title": "NYSDOT $600M Statewide Paving - 180 Projects", "url": "https://www.dot.ny.gov/doing-business/opportunities/const-highway", "summary": "Largest paving initiative in state history - 2,100+ lane miles.", "date": "2026-01-14", "source": "Times Union", "source_type": "news", "state": "NY", "priority": "high", "category": "dot_project", "business_line": "hma"},
    {"id": "ny002", "title": "Upstate NY Ready-Mix Concrete Market Outlook", "url": "https://www.forconstructionpros.com/concrete", "summary": "Albany-Syracuse corridor seeing increased commercial development.", "date": "2026-01-12", "source": "ForConstructionPros", "source_type": "news", "state": "NY", "priority": "low", "category": "news", "business_line": "concrete"},
    {"id": "ny003", "title": "NY Thruway Letting Schedule - Q1 2026", "url": "https://www.thruway.ny.gov/business/contractors.html", "summary": "Bridge deck and resurfacing lettings for February-March.", "date": "2026-01-10", "source": "NYSDOT", "source_type": "dot_bids", "state": "NY", "priority": "medium", "category": "bid", "business_line": "highway"},
    {"id": "pa001", "title": "PennDOT $9.73B Project Pipeline - 1,457 Projects", "url": "https://www.ecms.penndot.pa.gov/ECMS/", "summary": "Includes 361 bridge lettings for 2026.", "date": "2026-01-14", "source": "PennLive", "source_type": "news", "state": "PA", "priority": "high", "category": "funding", "business_line": "highway"},
    {"id": "pa002", "title": "Pennsylvania Turnpike I-76 Expansion Study", "url": "https://www.paturnpike.com/", "summary": "PTC evaluating capacity improvements through western PA.", "date": "2026-01-12", "source": "PennLive", "source_type": "news", "state": "PA", "priority": "medium", "category": "dot_project", "business_line": "highway"},
    {"id": "pa003", "title": "Northeast PA Quarry Expands Operations", "url": "https://www.pitandquarry.com/", "summary": "Regional producer adding crushing capacity for infrastructure demand.", "date": "2026-01-09", "source": "Pit & Quarry", "source_type": "news", "state": "PA", "priority": "low", "category": "news", "business_line": "aggregates"},
    {"id": "ma001", "title": "MassDOT Bid Openings - January 6 & 27", "url": "https://www.mass.gov/massdot-highway-construction-contract-bidding", "summary": "Multiple highway and bridge contracts including Route 2.", "date": "2026-01-13", "source": "MassLive", "source_type": "news", "state": "MA", "priority": "medium", "category": "bid", "business_line": "highway"},
    {"id": "ma002", "title": "Mass Pike Concrete Repair Program 2026", "url": "https://www.mass.gov/orgs/highway-division", "summary": "Extensive concrete repair work on I-90 through Metro Boston.", "date": "2026-01-10", "source": "MassDOT", "source_type": "dot_projects", "state": "MA", "priority": "medium", "category": "dot_project", "business_line": "concrete"},
    {"id": "ri001", "title": "RIDOT Route 146 Design-Build - Skanska/Lynch $167M", "url": "https://www.dot.ri.gov/projects/route146/", "summary": "Major corridor reconstruction. 40% over original estimate.", "date": "2026-01-14", "source": "Providence Journal", "source_type": "news", "state": "RI", "priority": "high", "category": "dot_project", "business_line": "highway"},
    {"id": "ri002", "title": "Rhode Island Trucking Firms Report Strong Demand", "url": "https://www.providencejournal.com/business", "summary": "Haulers booking capacity for spring infrastructure work.", "date": "2026-01-11", "source": "Providence Journal", "source_type": "news", "state": "RI", "priority": "low", "category": "news", "business_line": "trucking"},
    {"id": "ct001", "title": "CTDOT Gold Star Bridge Rehabilitation - $500M+", "url": "https://portal.ct.gov/dot/projects", "summary": "I-95 Thames River crossing - deck replacement and steel girder work.", "date": "2026-01-14", "source": "CT Mirror", "source_type": "news", "state": "CT", "priority": "high", "category": "bid", "business_line": "highway"},
    {"id": "ct002", "title": "Connecticut Aggregate Market Update Q1 2026", "url": "https://www.pitandquarry.com/", "summary": "CT producers report steady demand with stable pricing.", "date": "2026-01-09", "source": "Pit & Quarry", "source_type": "news", "state": "CT", "priority": "low", "category": "news", "business_line": "aggregates"}
  ]
}
